Workbook

Sheet Stock
A1: Référence | B1: Désignation | C1: Stock début | D1: Sorties | E1: Stock fin | F1: Seuil | G1: À commander ? | H1: Fournisseur | I1: Prix unitaire | J1: Valeur stock
A2: CD-101 | B2: Aspirateur balai | C2: 40 | D2: 12 | E2: =C2-D2 -> 28 | F2: 15 | G2: =IF(E2<F2,"OUI","NON") -> NON | H2: F1 | I2: =IFERROR(VLOOKUP(H2,Tarifs!$A$2:$B$4,2,FALSE),0) -> 49.9 | J2: =ROUND(E2*I2,2) -> 1397.2
A3: CD-102 | B3: Micro-ondes | C3: 25 | D3: 20 | E3: =C3-D3 -> 5 | F3: 10 | G3: =IF(E3<F3,"OUI","NON") -> OUI | H3: F2 | I3: =IFERROR(VLOOKUP(H3,Tarifs!$A$2:$B$4,2,FALSE),0) -> 89 | J3: =ROUND(E3*I3,2) -> 445
A4: CD-103 | B4: Cafetière | C4: 60 | D4: 18 | E4: =C4-D4 -> 42 | F4: 20 | G4: =IF(E4<F4,"OUI","NON") -> NON | H4: F1 | I4: =IFERROR(VLOOKUP(H4,Tarifs!$A$2:$B$4,2,FALSE),0) -> 49.9 | J4: =ROUND(E4*I4,2) -> 2095.8
A5: CD-104 | B5: Bouilloire | C5: 30 | D5: 27 | E5: =C5-D5 -> 3 | F5: 8 | G5: =IF(E5<F5,"OUI","NON") -> OUI | H5: F3 | I5: =IFERROR(VLOOKUP(H5,Tarifs!$A$2:$B$4,2,FALSE),0) -> 24.5 | J5: =ROUND(E5*I5,2) -> 73.5
A6: CD-105 | B6: Grille-pain | C6: 18 | D6: 5 | E6: =C6-D6 -> 13 | F6: 10 | G6: =IF(E6<F6,"OUI","NON") -> NON | H6: F9 | I6: =IFERROR(VLOOKUP(H6,Tarifs!$A$2:$B$4,2,FALSE),0) -> 0 | J6: =ROUND(E6*I6,2) -> 0
A8: Total stock fin | E8: =SUM(E2:E6) -> 91
A9: Nb de références à commander | E9: =COUNTIF(G2:G6,"OUI") -> 2
A10: Sorties du fournisseur F1 | E10: =SUMIF(H2:H6,"F1",D2:D6) -> 30
A11: Moyenne des sorties | E11: =AVERAGE(D2:D6) -> 16.4
A12: Taux de sortie global | E12: =SUM(D2:D6)/SUM(C2:C6) -> 0.47398844
A13: Valeur totale (nombre tapé, pas de formule) | E13: 1234.5

Sheet Tarifs
A1: Fournisseur | B1: Prix unitaire
A2: F1 | B2: 49.9
A3: F2 | B3: 89
A4: F3 | B4: 24.5
